"","Dyad_ID","Group_name","Season","Group_size","Sex","Breeding_status","Age_class","Playing","Allopreening","Proximal foraging","Scrounging","Dominance display","Allofeeding"
"1","53845420","ARU","Autumn",10,"Male-Female","Parent-Parent","Adult-Adult",0,2,13,0,3,2
"2","53845862","ARU","Autumn",10,"Male-Male","Parent-Helper","Adult-Adult",0,3,16,2,0,0
"3","53845966","ARU","Autumn",10,"Male-Male","Parent-Helper","Adult-Yearling",0,1,10,2,0,0
"4","53845965","ARU","Autumn",10,"Male-Male","Parent-Helper","Adult-Yearling",0,5,11,2,2,1
"5","53846046","ARU","Autumn",10,"Male-Female","Parent-Helper","Adult-Fledgling",0,3,12,2,2,0
"6","53846120","ARU","Autumn",10,"Male-Male","Parent-Helper","Adult-Fledgling",1,4,7,0,0,1
"7","54205862","ARU","Autumn",10,"Male-Female","Parent-Helper","Adult-Adult",0,5,19,2,0,0
"8","54205966","ARU","Autumn",10,"Male-Female","Parent-Helper","Adult-Yearling",0,2,16,0,0,0
"9","54205965","ARU","Autumn",10,"Male-Female","Parent-Helper","Adult-Yearling",0,4,11,0,0,0
"10","54206046","ARU","Autumn",10,"Female-Female","Parent-Helper","Adult-Fledgling",1,4,14,0,0,0
"11","54206120","ARU","Autumn",10,"Male-Female","Parent-Helper","Adult-Fledgling",0,4,11,0,0,1
"12","58625966","ARU","Autumn",10,"Male-Male","Helper-Helper","Adult-Yearling",0,3,27,0,0,2
"13","58625965","ARU","Autumn",10,"Male-Male","Helper-Helper","Adult-Yearling",1,6,20,0,0,3
"14","58626046","ARU","Autumn",10,"Male-Female","Helper-Helper","Adult-Fledgling",0,3,27,2,1,0
"15","58626120","ARU","Autumn",10,"Male-Male","Helper-Helper","Adult-Fledgling",1,4,16,6,4,0
"16","59665965","ARU","Autumn",10,"Male-Male","Helper-Helper","Yearling-Yearling",2,6,20,1,0,1
"17","59666046","ARU","Autumn",10,"Male-Female","Helper-Helper","Yearling-Fledgling",5,6,27,2,0,1
"18","59666120","ARU","Autumn",10,"Male-Male","Helper-Helper","Yearling-Fledgling",2,3,18,1,2,1
"19","59656046","ARU","Autumn",10,"Male-Female","Helper-Helper","Yearling-Fledgling",1,5,21,3,1,0
"20","59656120","ARU","Autumn",10,"Male-Male","Helper-Helper","Yearling-Fledgling",4,6,11,1,0,0
"21","60466120","ARU","Autumn",10,"Male-Female","Helper-Helper","Fledgling-Fledgling",10,6,27,1,0,2
"22","53845420","ARU","Winter",6,"Male-Female","Parent-Parent","Adult-Adult",0,7,12,1,3,5
"23","53845862","ARU","Winter",6,"Male-Male","Parent-Helper","Adult-Adult",0,9,14,1,0,1
"24","53845966","ARU","Winter",6,"Male-Male","Parent-Helper","Adult-Yearling",0,5,13,5,0,0
"25","53845965","ARU","Winter",6,"Male-Male","Parent-Helper","Adult-Yearling",0,8,15,6,0,1
"26","53846046","ARU","Winter",6,"Male-Female","Parent-Helper","Adult-Young",0,6,18,5,0,2
"27","54205862","ARU","Winter",6,"Male-Female","Parent-Helper","Adult-Adult",0,10,16,1,0,0
"28","54205966","ARU","Winter",6,"Male-Female","Parent-Helper","Adult-Yearling",1,8,13,5,0,1
"29","54205965","ARU","Winter",6,"Male-Female","Parent-Helper","Adult-Yearling",0,7,12,2,0,1
"30","54206046","ARU","Winter",6,"Female-Female","Parent-Helper","Adult-Young",0,6,19,4,0,2
"31","58625966","ARU","Winter",6,"Male-Male","Helper-Helper","Adult-Yearling",3,5,15,5,1,3
"32","58625965","ARU","Winter",6,"Male-Male","Helper-Helper","Adult-Yearling",2,8,16,4,0,0
"33","58626046","ARU","Winter",6,"Male-Female","Helper-Helper","Adult-Young",1,6,36,7,0,5
"34","59665965","ARU","Winter",6,"Male-Male","Helper-Helper","Yearling-Yearling",4,5,20,3,0,2
"35","59666046","ARU","Winter",6,"Male-Female","Helper-Helper","Yearling-Young",7,6,34,10,0,1
"36","59656046","ARU","Winter",6,"Male-Female","Helper-Helper","Yearling-Young",6,9,30,5,0,1
"37","57125755","BER","Autumn",9,"Male-Female","Parent-Parent","Adult-Adult",0,7,7,0,3,1
"38","57126006","BER","Autumn",9,"Male-Female","Parent-Helper","Adult-Yearling",0,5,9,1,4,0
"39","57126004","BER","Autumn",9,"Male-Female","Parent-Helper","Adult-Yearling",0,5,12,2,2,0
"40","57126172","BER","Autumn",9,"Male-Male","Parent-Helper","Adult-Young",0,3,18,7,4,1
"41","57126174","BER","Autumn",9,"Male-Male","Parent-Helper","Adult-Young",0,4,9,1,2,0
"42","57126175","BER","Autumn",9,"Male-Female","Parent-Helper","Adult-Young",0,4,14,0,0,0
"43","57126173","BER","Autumn",9,"Male-Female","Parent-Helper","Adult-Young",0,4,9,3,1,0
"44","57126224","BER","Autumn",9,"Male-Female","Parent-Helper","Adult-Fledgling",0,6,11,1,1,0
"45","57556006","BER","Autumn",9,"Female-Female","Parent-Helper","Adult-Yearling",0,7,4,0,0,0
"46","57556004","BER","Autumn",9,"Female-Female","Parent-Helper","Adult-Yearling",0,5,8,5,0,0
"47","57556172","BER","Autumn",9,"Male-Female","Parent-Helper","Adult-Young",0,5,5,5,0,0
"48","57556174","BER","Autumn",9,"Male-Female","Parent-Helper","Adult-Young",0,2,7,5,0,0
"49","57556175","BER","Autumn",9,"Female-Female","Parent-Helper","Adult-Young",0,2,10,2,0,0
"50","57556173","BER","Autumn",9,"Female-Female","Parent-Helper","Adult-Young",0,2,4,1,0,0
"51","57556224","BER","Autumn",9,"Female-Female","Parent-Helper","Adult-Fledgling",0,4,6,3,0,0
"52","60066004","BER","Autumn",9,"Female-Female","Helper-Helper","Yearling-Yearling",7,9,12,6,0,0
"53","60066172","BER","Autumn",9,"Male-Female","Helper-Helper","Yearling-Young",9,3,22,5,2,3
"54","60066174","BER","Autumn",9,"Male-Female","Helper-Helper","Yearling-Young",8,2,13,3,2,1
"55","60066175","BER","Autumn",9,"Female-Female","Helper-Helper","Yearling-Young",8,3,16,2,4,2
"56","60066173","BER","Autumn",9,"Female-Female","Helper-Helper","Yearling-Young",7,4,20,9,1,2
"57","60066224","BER","Autumn",9,"Female-Female","Helper-Helper","Yearling-Fledgling",5,4,19,4,1,0
"58","60046172","BER","Autumn",9,"Male-Female","Helper-Helper","Yearling-Young",7,3,18,7,1,3
"59","60046174","BER","Autumn",9,"Male-Female","Helper-Helper","Yearling-Young",6,4,18,0,0,1
"60","60046175","BER","Autumn",9,"Female-Female","Helper-Helper","Yearling-Young",6,2,20,8,0,1
"61","60046173","BER","Autumn",9,"Female-Female","Helper-Helper","Yearling-Young",4,7,14,3,0,4
"62","60046224","BER","Autumn",9,"Female-Female","Helper-Helper","Yearling-Fledgling",5,3,16,7,1,1
"63","61726174","BER","Autumn",9,"Male-Male","Helper-Helper","Young-Young",5,5,19,7,2,1
"64","61726175","BER","Autumn",9,"Male-Female","Helper-Helper","Young-Young",4,8,21,2,1,0
"65","61726173","BER","Autumn",9,"Male-Female","Helper-Helper","Young-Young",5,5,20,3,4,1
"66","61726224","BER","Autumn",9,"Male-Female","Helper-Helper","Young-Fledgling",3,5,23,2,1,0
"67","61746175","BER","Autumn",9,"Male-Female","Helper-Helper","Young-Young",14,3,21,0,0,0
"68","61746173","BER","Autumn",9,"Male-Female","Helper-Helper","Young-Young",14,3,16,4,1,0
"69","61746224","BER","Autumn",9,"Male-Female","Helper-Helper","Young-Fledgling",5,3,17,3,0,0
"70","61756173","BER","Autumn",9,"Female-Female","Helper-Helper","Young-Young",6,3,20,3,2,0
"71","61756224","BER","Autumn",9,"Female-Female","Helper-Helper","Young-Fledgling",9,6,16,2,0,0
"72","61736224","BER","Autumn",9,"Female-Female","Helper-Helper","Young-Fledgling",3,5,15,1,0,1
"73","57125755","BER","Winter",9,"Male-Female","Parent-Parent","Adult-Adult",0,5,26,0,0,0
"74","57126006","BER","Winter",9,"Male-Female","Parent-Helper","Adult-Yearling",0,3,40,0,0,0
"75","57126004","BER","Winter",9,"Male-Female","Parent-Helper","Adult-Yearling",0,5,43,0,0,0
"76","57126172","BER","Winter",9,"Male-Male","Parent-Helper","Adult-Young",0,3,48,0,0,0
"77","57126174","BER","Winter",9,"Male-Male","Parent-Helper","Adult-Young",0,1,38,0,0,0
"78","57126175","BER","Winter",9,"Male-Female","Parent-Helper","Adult-Young",0,3,42,1,0,1
"79","57126173","BER","Winter",9,"Male-Female","Parent-Helper","Adult-Young",0,2,43,0,0,2
"80","57126224","BER","Winter",9,"Male-Female","Parent-Helper","Adult-Young",0,3,44,0,0,0
"81","57556006","BER","Winter",9,"Female-Female","Parent-Helper","Adult-Yearling",0,1,34,0,0,0
"82","57556004","BER","Winter",9,"Female-Female","Parent-Helper","Adult-Yearling",0,5,38,0,0,0
"83","57556172","BER","Winter",9,"Male-Female","Parent-Helper","Adult-Young",0,4,43,3,1,0
"84","57556174","BER","Winter",9,"Male-Female","Parent-Helper","Adult-Young",0,1,40,1,0,0
"85","57556175","BER","Winter",9,"Female-Female","Parent-Helper","Adult-Young",0,2,41,1,0,0
"86","57556173","BER","Winter",9,"Female-Female","Parent-Helper","Adult-Young",0,3,43,0,0,0
"87","57556224","BER","Winter",9,"Female-Female","Parent-Helper","Adult-Young",0,2,44,0,0,0
"88","60066004","BER","Winter",9,"Female-Female","Helper-Helper","Yearling-Yearling",0,2,61,0,0,0
"89","60066172","BER","Winter",9,"Male-Female","Helper-Helper","Yearling-Young",0,1,76,0,2,0
"90","60066174","BER","Winter",9,"Male-Female","Helper-Helper","Yearling-Young",0,1,59,4,1,1
"91","60066175","BER","Winter",9,"Female-Female","Helper-Helper","Yearling-Young",0,2,64,1,0,0
"92","60066173","BER","Winter",9,"Female-Female","Helper-Helper","Yearling-Young",0,1,60,0,0,1
"93","60066224","BER","Winter",9,"Female-Female","Helper-Helper","Yearling-Young",0,1,60,0,0,0
"94","60046172","BER","Winter",9,"Male-Female","Helper-Helper","Yearling-Young",0,3,63,2,2,0
"95","60046174","BER","Winter",9,"Male-Female","Helper-Helper","Yearling-Young",0,1,56,0,0,0
"96","60046175","BER","Winter",9,"Female-Female","Helper-Helper","Yearling-Young",0,3,54,1,0,0
"97","60046173","BER","Winter",9,"Female-Female","Helper-Helper","Yearling-Young",0,2,59,0,0,1
"98","60046224","BER","Winter",9,"Female-Female","Helper-Helper","Yearling-Young",0,3,64,1,0,0
"99","61726174","BER","Winter",9,"Male-Male","Helper-Helper","Young-Young",0,2,70,2,0,0
"100","61726175","BER","Winter",9,"Male-Female","Helper-Helper","Young-Young",0,3,73,0,2,0
"101","61726173","BER","Winter",9,"Male-Female","Helper-Helper","Young-Young",0,3,66,1,0,0
"102","61726224","BER","Winter",9,"Male-Female","Helper-Helper","Young-Young",0,3,68,0,0,0
"103","61746175","BER","Winter",9,"Male-Female","Helper-Helper","Young-Young",0,1,64,0,0,0
"104","61746173","BER","Winter",9,"Male-Female","Helper-Helper","Young-Young",0,1,63,1,0,1
"105","61746224","BER","Winter",9,"Male-Female","Helper-Helper","Young-Young",0,1,57,1,0,0
"106","61756173","BER","Winter",9,"Female-Female","Helper-Helper","Young-Young",0,2,67,3,4,0
"107","61756224","BER","Winter",9,"Female-Female","Helper-Helper","Young-Young",0,3,62,0,1,0
"108","61736224","BER","Winter",9,"Female-Female","Helper-Helper","Young-Young",0,3,60,2,0,0
"109","56165409","BOR","Autumn",6,"Male-Female","Parent-Parent","Adult-Adult",0,14,20,0,1,2
"110","56165880","BOR","Autumn",6,"Male-Female","Parent-Helper","Adult-Adult",0,8,18,2,2,0
"111","56166048","BOR","Autumn",6,"Male-Male","Parent-Helper","Adult-Fledgling",0,15,36,7,0,0
"112","56166050","BOR","Autumn",6,"Male-Female","Parent-Helper","Adult-Fledgling",0,15,35,1,1,0
"113","54095880","BOR","Autumn",6,"Female-Female","Parent-Helper","Adult-Adult",0,13,31,4,0,0
"114","54096048","BOR","Autumn",6,"Male-Female","Parent-Helper","Adult-Fledgling",0,13,34,3,0,1
"115","54096050","BOR","Autumn",6,"Female-Female","Parent-Helper","Adult-Fledgling",0,15,42,3,0,0
"116","58806048","BOR","Autumn",6,"Male-Female","Helper-Helper","Adult-Fledgling",0,7,39,3,2,0
"117","58806050","BOR","Autumn",6,"Female-Female","Helper-Helper","Adult-Fledgling",0,11,34,2,1,0
"118","60486050","BOR","Autumn",6,"Male-Female","Helper-Helper","Fledgling-Fledgling",23,18,78,16,8,0
"119","56165409","BOR","Autumn",8,"Male-Female","Parent-Parent","Adult-Adult",0,21,23,0,3,3
"120","56166048","BOR","Autumn",8,"Male-Male","Parent-Helper","Adult-Yearling",0,18,34,2,2,0
"121","56166200","BOR","Autumn",8,"Male-Female","Parent-Helper","Adult-Young",0,6,30,3,3,0
"122","56166202","BOR","Autumn",8,"Male-Male","Parent-Helper","Adult-Young",0,6,35,4,2,0
"123","56166233","BOR","Autumn",8,"Male-Female","Parent-Helper","Adult-Fledgling",0,7,37,7,5,0
"124","56166232","BOR","Autumn",8,"Male-Female","Parent-Helper","Adult-Fledgling",0,10,47,7,2,0
"125","56166231","BOR","Autumn",8,"Male-Female","Parent-Helper","Adult-Fledgling",0,6,31,4,1,0
"126","54096048","BOR","Autumn",8,"Male-Female","Parent-Helper","Adult-Yearling",0,5,30,3,0,0
"127","54096200","BOR","Autumn",8,"Female-Female","Parent-Helper","Adult-Young",0,7,28,2,1,0
"128","54096202","BOR","Autumn",8,"Male-Female","Parent-Helper","Adult-Young",0,7,30,3,0,0
"129","54096233","BOR","Autumn",8,"Female-Female","Parent-Helper","Adult-Fledgling",0,8,34,5,0,0
"130","54096232","BOR","Autumn",8,"Female-Female","Parent-Helper","Adult-Fledgling",0,20,41,2,0,0
"131","54096231","BOR","Autumn",8,"Female-Female","Parent-Helper","Adult-Fledgling",0,12,30,1,0,0
"132","60486200","BOR","Autumn",8,"Male-Female","Helper-Helper","Yearling-Young",6,11,42,4,3,2
"133","60486202","BOR","Autumn",8,"Male-Male","Helper-Helper","Yearling-Young",9,9,57,7,9,4
"134","60486233","BOR","Autumn",8,"Male-Female","Helper-Helper","Yearling-Fledgling",2,8,55,8,1,1
"135","60486232","BOR","Autumn",8,"Male-Female","Helper-Helper","Yearling-Fledgling",11,7,65,21,1,0
"136","60486231","BOR","Autumn",8,"Male-Female","Helper-Helper","Yearling-Fledgling",2,4,40,1,2,6
"137","62006202","BOR","Autumn",8,"Male-Female","Helper-Helper","Young-Young",13,11,57,8,3,0
"138","62006233","BOR","Autumn",8,"Female-Female","Helper-Helper","Young-Fledgling",10,14,52,7,3,0
"139","62006232","BOR","Autumn",8,"Female-Female","Helper-Helper","Young-Fledgling",15,7,67,4,3,0
"140","62006231","BOR","Autumn",8,"Female-Female","Helper-Helper","Young-Fledgling",8,8,47,2,0,3
"141","62026233","BOR","Autumn",8,"Male-Female","Helper-Helper","Young-Fledgling",10,8,70,4,6,0
"142","62026232","BOR","Autumn",8,"Male-Female","Helper-Helper","Young-Fledgling",12,7,79,3,1,2
"143","62026231","BOR","Autumn",8,"Male-Female","Helper-Helper","Young-Fledgling",9,0,51,3,3,6
"144","62336232","BOR","Autumn",8,"Female-Female","Helper-Helper","Fledgling-Fledgling",6,4,79,10,9,1
"145","62336231","BOR","Autumn",8,"Female-Female","Helper-Helper","Fledgling-Fledgling",6,5,45,9,4,1
"146","62326231","BOR","Autumn",8,"Female-Female","Helper-Helper","Fledgling-Fledgling",9,7,50,7,13,0
"147","56165409","BOR","Winter",7,"Male-Female","Parent-Parent","Adult-Adult",0,8,32,1,1,2
"148","56166048","BOR","Winter",7,"Male-Male","Parent-Helper","Adult-Yearling",2,18,32,3,0,0
"149","56166200","BOR","Winter",7,"Male-Female","Parent-Helper","Adult-Young",1,9,26,1,0,1
"150","56166202","BOR","Winter",7,"Male-Male","Parent-Helper","Adult-Young",1,13,31,1,0,0
"151","56166232","BOR","Winter",7,"Male-Female","Parent-Helper","Adult-Young",2,11,32,1,1,0
"152","56166231","BOR","Winter",7,"Male-Female","Parent-Helper","Adult-Young",1,8,31,0,0,0
"153","54096048","BOR","Winter",7,"Male-Female","Parent-Helper","Adult-Yearling",0,6,45,0,0,0
"154","54096200","BOR","Winter",7,"Female-Female","Parent-Helper","Adult-Young",0,5,35,0,0,0
"155","54096202","BOR","Winter",7,"Male-Female","Parent-Helper","Adult-Young",0,5,40,1,0,0
"156","54096232","BOR","Winter",7,"Female-Female","Parent-Helper","Adult-Young",0,9,38,2,0,1
"157","54096231","BOR","Winter",7,"Female-Female","Parent-Helper","Adult-Young",0,4,36,2,0,0
"158","60486200","BOR","Winter",7,"Male-Female","Helper-Helper","Yearling-Young",4,11,48,2,0,0
"159","60486202","BOR","Winter",7,"Male-Male","Helper-Helper","Yearling-Young",6,9,62,6,1,0
"160","60486232","BOR","Winter",7,"Male-Female","Helper-Helper","Yearling-Young",6,11,61,3,1,1
"161","60486231","BOR","Winter",7,"Male-Female","Helper-Helper","Yearling-Young",5,12,56,4,0,0
"162","62006202","BOR","Winter",7,"Male-Female","Helper-Helper","Young-Young",4,5,55,2,1,0
"163","62006232","BOR","Winter",7,"Female-Female","Helper-Helper","Young-Young",5,6,63,2,0,0
"164","62006231","BOR","Winter",7,"Female-Female","Helper-Helper","Young-Young",4,5,58,2,0,0
"165","62026232","BOR","Winter",7,"Male-Female","Helper-Helper","Young-Young",3,5,60,6,2,0
"166","62026231","BOR","Winter",7,"Male-Female","Helper-Helper","Young-Young",7,7,55,1,1,0
"167","62326231","BOR","Winter",7,"Female-Female","Helper-Helper","Young-Young",4,6,67,8,5,0
"168","51355455","HIL","Autumn",7,"Male-Female","Parent-Parent","Adult-Adult",0,1,22,0,0,0
"169","51355976","HIL","Autumn",7,"Male-Female","Parent-Helper","Adult-Yearling",0,3,18,0,0,0
"170","51355977","HIL","Autumn",7,"Male-Female","Parent-Helper","Adult-Yearling",0,2,24,1,0,0
"171","51356039","HIL","Autumn",7,"Male-Female","Parent-Helper","Adult-Young",0,3,25,1,0,0
"172","51356053","HIL","Autumn",7,"Male-Male","Parent-Helper","Adult-Fledgling",0,0,26,3,0,0
"173","51356054","HIL","Autumn",7,"Male-Male","Parent-Helper","Adult-Fledgling",0,2,28,0,0,0
"174","54555976","HIL","Autumn",7,"Female-Female","Parent-Helper","Adult-Yearling",0,1,25,0,0,0
"175","54555977","HIL","Autumn",7,"Female-Female","Parent-Helper","Adult-Yearling",0,0,31,0,0,0
"176","54556039","HIL","Autumn",7,"Female-Female","Parent-Helper","Adult-Young",0,3,31,2,0,0
"177","54556053","HIL","Autumn",7,"Male-Female","Parent-Helper","Adult-Fledgling",0,0,30,4,0,1
"178","54556054","HIL","Autumn",7,"Male-Female","Parent-Helper","Adult-Fledgling",0,1,32,1,0,0
"179","59765977","HIL","Autumn",7,"Female-Female","Helper-Helper","Yearling-Yearling",2,2,26,0,0,0
"180","59766039","HIL","Autumn",7,"Female-Female","Helper-Helper","Yearling-Young",2,3,23,3,1,0
"181","59766053","HIL","Autumn",7,"Male-Female","Helper-Helper","Yearling-Fledgling",1,0,29,1,1,0
"182","59766054","HIL","Autumn",7,"Male-Female","Helper-Helper","Yearling-Fledgling",2,1,26,0,0,0
"183","59776039","HIL","Autumn",7,"Female-Female","Helper-Helper","Yearling-Young",3,3,29,5,3,0
"184","59776053","HIL","Autumn",7,"Male-Female","Helper-Helper","Yearling-Fledgling",1,0,30,4,1,0
"185","59776054","HIL","Autumn",7,"Male-Female","Helper-Helper","Yearling-Fledgling",1,6,36,0,0,0
"186","60396053","HIL","Autumn",7,"Male-Female","Helper-Helper","Young-Fledgling",5,2,34,2,4,0
"187","60396054","HIL","Autumn",7,"Male-Female","Helper-Helper","Young-Fledgling",5,2,37,3,1,0
"188","60536054","HIL","Autumn",7,"Male-Male","Helper-Helper","Fledgling-Fledgling",1,0,40,1,1,0
"189","54864779","HVR","Winter",10,"Male-Female","Parent-Parent","Adult-Adult",0,3,30,12,4,1
"190","54865899","HVR","Winter",10,"Male-Male","Parent-Helper","Adult-Yearling",0,1,16,0,1,0
"191","54865395","HVR","Winter",10,"Male-Female","Parent-Helper","Adult-Adult",0,1,14,0,0,0
"192","54865470","HVR","Winter",10,"Male-Female","Parent-Helper","Adult-Adult",0,2,14,0,0,1
"193","54865780","HVR","Winter",10,"Male-Female","Parent-Helper","Adult-Adult",0,1,15,0,0,0
"194","54865898","HVR","Winter",10,"Male-Female","Parent-Helper","Adult-Yearling",0,2,19,0,1,0
"195","54865942","HVR","Winter",10,"Male-Male","Parent-Helper","Adult-Young",0,0,18,3,3,0
"196","54865943","HVR","Winter",10,"Male-Male","Parent-Helper","Adult-Young",0,2,11,0,0,0
"197","54865979","HVR","Winter",10,"Male-Male","Parent-Helper","Adult-Young",0,2,15,0,0,0
"198","47795899","HVR","Winter",10,"Male-Female","Parent-Helper","Adult-Yearling",0,0,24,2,2,0
"199","47795395","HVR","Winter",10,"Female-Female","Parent-Helper","Adult-Adult",0,2,25,1,0,0
"200","47795470","HVR","Winter",10,"Female-Female","Parent-Helper","Adult-Adult",0,1,22,2,1,0
"201","47795780","HVR","Winter",10,"Female-Female","Parent-Helper","Adult-Adult",0,2,29,4,4,0
"202","47795898","HVR","Winter",10,"Female-Female","Parent-Helper","Adult-Yearling",0,1,26,5,7,0
"203","47795942","HVR","Winter",10,"Male-Female","Parent-Helper","Adult-Young",0,0,26,4,2,0
"204","47795943","HVR","Winter",10,"Male-Female","Parent-Helper","Adult-Young",0,2,20,1,2,0
"205","47795979","HVR","Winter",10,"Male-Female","Parent-Helper","Adult-Young",0,1,25,0,0,0
"206","58995395","HVR","Winter",10,"Male-Female","Helper-Helper","Adult-Yearling",0,4,15,2,1,2
"207","58995470","HVR","Winter",10,"Male-Female","Helper-Helper","Adult-Yearling",0,2,18,0,0,0
"208","58995780","HVR","Winter",10,"Male-Female","Helper-Helper","Adult-Yearling",0,1,25,0,0,0
"209","58995898","HVR","Winter",10,"Male-Female","Helper-Helper","Yearling-Yearling",1,2,27,1,0,0
"210","58995942","HVR","Winter",10,"Male-Male","Helper-Helper","Yearling-Young",1,0,21,1,1,0
"211","58995943","HVR","Winter",10,"Male-Male","Helper-Helper","Yearling-Young",1,3,22,0,1,0
"212","58995979","HVR","Winter",10,"Male-Male","Helper-Helper","Yearling-Young",1,3,20,1,0,2
"213","53955470","HVR","Winter",10,"Female-Female","Helper-Helper","Adult-Adult",0,3,23,2,0,0
"214","53955780","HVR","Winter",10,"Female-Female","Helper-Helper","Adult-Adult",0,1,17,1,0,1
"215","53955898","HVR","Winter",10,"Female-Female","Helper-Helper","Adult-Yearling",0,4,18,0,0,0
"216","53955942","HVR","Winter",10,"Male-Female","Helper-Helper","Adult-Young",0,0,17,1,1,1
"217","53955943","HVR","Winter",10,"Male-Female","Helper-Helper","Adult-Young",0,2,14,1,1,1
"218","53955979","HVR","Winter",10,"Male-Female","Helper-Helper","Adult-Young",0,3,19,0,1,1
"219","54705780","HVR","Winter",10,"Female-Female","Helper-Helper","Adult-Adult",0,2,17,0,2,0
"220","54705898","HVR","Winter",10,"Female-Female","Helper-Helper","Adult-Yearling",0,3,26,1,1,0
"221","54705942","HVR","Winter",10,"Male-Female","Helper-Helper","Adult-Young",0,0,21,3,1,1
"222","54705943","HVR","Winter",10,"Male-Female","Helper-Helper","Adult-Young",0,1,16,1,0,1
"223","54705979","HVR","Winter",10,"Male-Female","Helper-Helper","Adult-Young",0,2,18,1,0,0
"224","57805898","HVR","Winter",10,"Female-Female","Helper-Helper","Adult-Yearling",0,2,27,0,0,1
"225","57805942","HVR","Winter",10,"Male-Female","Helper-Helper","Adult-Young",2,1,30,4,0,1
"226","57805943","HVR","Winter",10,"Male-Female","Helper-Helper","Adult-Young",2,5,20,2,0,4
"227","57805979","HVR","Winter",10,"Male-Female","Helper-Helper","Adult-Young",2,4,18,2,2,1
"228","58985942","HVR","Winter",10,"Male-Female","Helper-Helper","Yearling-Young",1,2,30,5,1,1
"229","58985943","HVR","Winter",10,"Male-Female","Helper-Helper","Yearling-Young",1,4,20,0,0,1
"230","58985979","HVR","Winter",10,"Male-Female","Helper-Helper","Yearling-Young",1,6,25,0,1,2
"231","59425943","HVR","Winter",10,"Male-Male","Helper-Helper","Young-Young",3,4,19,6,6,1
"232","59425979","HVR","Winter",10,"Male-Male","Helper-Helper","Young-Young",2,1,23,4,3,0
"233","59435979","HVR","Winter",10,"Male-Male","Helper-Helper","Young-Young",4,5,20,1,1,0
"234","56665720","KOT","Winter",9,"Male-Female","Parent-Parent","Adult-Adult",0,3,32,0,14,5
"235","56665985","KOT","Winter",9,"Male-Male","Parent-Helper","Adult-Adult",0,9,23,0,3,0
"236","56666151","KOT","Winter",9,"Male-Female","Parent-Helper","Adult-Young",0,0,30,2,0,0
"237","56666152","KOT","Winter",9,"Male-Male","Parent-Helper","Adult-Young",0,3,33,3,1,0
"238","56666153","KOT","Winter",9,"Male-Male","Parent-Helper","Adult-Young",0,4,27,0,1,0
"239","56666251","KOT","Winter",9,"Male-Male","Parent-Helper","Adult-Fledgling",0,1,26,1,0,0
"240","56666252","KOT","Winter",9,"Male-Female","Parent-Helper","Adult-Fledgling",0,0,28,0,0,0
"241","56666253","KOT","Winter",9,"Male-Male","Parent-Helper","Adult-Fledgling",0,2,29,6,3,0
"242","57205985","KOT","Winter",9,"Male-Female","Parent-Helper","Adult-Adult",0,3,65,4,0,0
"243","57206151","KOT","Winter",9,"Female-Female","Parent-Helper","Adult-Young",0,0,65,4,1,0
"244","57206152","KOT","Winter",9,"Male-Female","Parent-Helper","Adult-Young",0,9,66,7,0,2
"245","57206153","KOT","Winter",9,"Male-Female","Parent-Helper","Adult-Young",0,5,64,1,0,0
"246","57206251","KOT","Winter",9,"Male-Female","Parent-Helper","Adult-Fledgling",0,2,52,4,0,2
"247","57206252","KOT","Winter",9,"Female-Female","Parent-Helper","Adult-Fledgling",0,10,84,14,0,2
"248","57206253","KOT","Winter",9,"Male-Female","Parent-Helper","Adult-Fledgling",0,1,74,9,0,0
"249","59856151","KOT","Winter",9,"Male-Female","Helper-Helper","Adult-Young",5,6,71,3,4,0
"250","59856152","KOT","Winter",9,"Male-Male","Helper-Helper","Adult-Young",5,5,79,5,5,1
"251","59856153","KOT","Winter",9,"Male-Male","Helper-Helper","Adult-Young",3,3,88,4,3,1
"252","59856251","KOT","Winter",9,"Male-Male","Helper-Helper","Adult-Fledgling",3,0,61,4,3,0
"253","59856252","KOT","Winter",9,"Male-Female","Helper-Helper","Adult-Fledgling",3,4,84,9,1,3
"254","59856253","KOT","Winter",9,"Male-Male","Helper-Helper","Adult-Fledgling",3,0,81,10,0,0
"255","61516152","KOT","Winter",9,"Male-Female","Helper-Helper","Young-Young",6,3,85,4,4,0
"256","61516153","KOT","Winter",9,"Male-Female","Helper-Helper","Young-Young",7,2,96,4,6,0
"257","61516251","KOT","Winter",9,"Male-Female","Helper-Helper","Young-Fledgling",7,1,72,4,4,1
"258","61516252","KOT","Winter",9,"Female-Female","Helper-Helper","Young-Fledgling",6,4,90,6,0,3
"259","61516253","KOT","Winter",9,"Male-Female","Helper-Helper","Young-Fledgling",6,5,86,5,0,1
"260","61526153","KOT","Winter",9,"Male-Male","Helper-Helper","Young-Young",6,3,103,1,0,0
"261","61526251","KOT","Winter",9,"Male-Male","Helper-Helper","Young-Fledgling",7,0,66,1,1,0
"262","61526252","KOT","Winter",9,"Male-Female","Helper-Helper","Young-Fledgling",6,5,84,0,0,2
"263","61526253","KOT","Winter",9,"Male-Male","Helper-Helper","Young-Fledgling",10,4,89,4,2,0
"264","61536251","KOT","Winter",9,"Male-Male","Helper-Helper","Young-Fledgling",8,1,84,1,0,0
"265","61536252","KOT","Winter",9,"Male-Female","Helper-Helper","Young-Fledgling",6,6,94,0,2,1
"266","61536253","KOT","Winter",9,"Male-Male","Helper-Helper","Young-Fledgling",7,2,92,4,4,0
"267","62516252","KOT","Winter",9,"Male-Female","Helper-Helper","Fledgling-Fledgling",6,0,74,4,4,0
"268","62516253","KOT","Winter",9,"Male-Male","Helper-Helper","Fledgling-Fledgling",5,1,76,3,4,0
"269","62526253","KOT","Winter",9,"Male-Female","Helper-Helper","Fledgling-Fledgling",7,2,97,10,1,0
"270","56665720","KOT","Winter",6,"Male-Female","Parent-Parent","Adult-Adult",0,0,14,1,3,0
"271","56666151","KOT","Winter",6,"Male-Female","Parent-Helper","Adult-Young",0,0,15,3,1,0
"272","56666152","KOT","Winter",6,"Male-Male","Parent-Helper","Adult-Young",0,0,14,1,0,0
"273","56666251","KOT","Winter",6,"Male-Male","Parent-Helper","Adult-Fledgling",0,0,11,3,2,0
"274","56666252","KOT","Winter",6,"Male-Female","Parent-Helper","Adult-Fledgling",0,0,15,0,0,0
"275","57206151","KOT","Winter",6,"Female-Female","Parent-Helper","Adult-Young",0,0,23,3,0,0
"276","57206152","KOT","Winter",6,"Male-Female","Parent-Helper","Adult-Young",0,4,29,2,1,0
"277","57206251","KOT","Winter",6,"Male-Female","Parent-Helper","Adult-Fledgling",0,2,30,5,0,1
"278","57206252","KOT","Winter",6,"Female-Female","Parent-Helper","Adult-Fledgling",0,1,25,1,0,0
"279","61516152","KOT","Winter",6,"Male-Female","Helper-Helper","Young-Young",1,2,42,0,0,0
"280","61516251","KOT","Winter",6,"Male-Female","Helper-Helper","Young-Fledgling",1,1,34,2,0,0
"281","61516252","KOT","Winter",6,"Female-Female","Helper-Helper","Young-Fledgling",0,2,34,2,0,0
"282","61526251","KOT","Winter",6,"Male-Male","Helper-Helper","Young-Fledgling",0,2,37,1,0,1
"283","61526252","KOT","Winter",6,"Male-Female","Helper-Helper","Young-Fledgling",1,2,30,2,0,0
"284","62516252","KOT","Winter",6,"Male-Female","Helper-Helper","Fledgling-Fledgling",0,1,26,2,0,2
"285","54345278","NIS","Autumn",11,"Male-Female","Parent-Parent","Adult-Adult",0,5,19,0,0,0
"286","54345816","NIS","Autumn",11,"Male-Male","Parent-Helper","Adult-Adult",0,9,17,0,0,0
"287","54345818","NIS","Autumn",11,"Male-Male","Parent-Helper","Adult-Adult",0,16,23,8,8,0
"288","54345831","NIS","Autumn",11,"Male-Male","Parent-Helper","Adult-Adult",0,7,25,2,0,0
"289","54345974","NIS","Autumn",11,"Male-Female","Parent-Helper","Adult-Yearling",0,3,13,0,1,0
"290","54346010","NIS","Autumn",11,"Male-Male","Parent-Helper","Adult-Young",0,5,25,8,8,0
"291","54346009","NIS","Autumn",11,"Male-Male","Parent-Helper","Adult-Young",0,3,27,6,5,0
"292","54346082","NIS","Autumn",11,"Male-Male","Parent-Helper","Adult-Fledgling",0,1,27,3,2,0
"293","54346086","NIS","Autumn",11,"Male-Female","Parent-Helper","Adult-Fledgling",0,3,16,1,1,0
"294","54346083","NIS","Autumn",11,"Male-Female","Parent-Helper","Adult-Fledgling",0,2,20,0,0,1
"295","52785816","NIS","Autumn",11,"Male-Female","Parent-Helper","Adult-Adult",0,4,18,1,0,0
"296","52785818","NIS","Autumn",11,"Male-Female","Parent-Helper","Adult-Adult",0,11,23,0,0,0
"297","52785831","NIS","Autumn",11,"Male-Female","Parent-Helper","Adult-Adult",0,8,16,0,0,0
"298","52785974","NIS","Autumn",11,"Female-Female","Parent-Helper","Adult-Yearling",0,5,9,1,0,0
"299","52786010","NIS","Autumn",11,"Male-Female","Parent-Helper","Adult-Young",0,5,16,3,0,0
"300","52786009","NIS","Autumn",11,"Male-Female","Parent-Helper","Adult-Young",0,9,20,0,0,0
"301","52786082","NIS","Autumn",11,"Male-Female","Parent-Helper","Adult-Fledgling",0,3,23,2,0,0
"302","52786086","NIS","Autumn",11,"Female-Female","Parent-Helper","Adult-Fledgling",0,6,17,1,0,1
"303","52786083","NIS","Autumn",11,"Female-Female","Parent-Helper","Adult-Fledgling",0,3,32,1,0,0
"304","58165818","NIS","Autumn",11,"Male-Male","Helper-Helper","Adult-Adult",2,16,19,5,1,1
"305","58165831","NIS","Autumn",11,"Male-Male","Helper-Helper","Adult-Adult",2,11,22,2,1,0
"306","58165974","NIS","Autumn",11,"Male-Female","Helper-Helper","Adult-Yearling",4,3,13,0,0,0
"307","58166010","NIS","Autumn",11,"Male-Male","Helper-Helper","Adult-Young",3,9,26,9,4,1
"308","58166009","NIS","Autumn",11,"Male-Male","Helper-Helper","Adult-Young",5,7,27,4,0,0
"309","58166082","NIS","Autumn",11,"Male-Male","Helper-Helper","Adult-Fledgling",3,6,22,2,0,0
"310","58166086","NIS","Autumn",11,"Male-Female","Helper-Helper","Adult-Fledgling",4,5,27,4,0,0
"311","58166083","NIS","Autumn",11,"Male-Female","Helper-Helper","Adult-Fledgling",3,3,21,2,1,1
"312","58185831","NIS","Autumn",11,"Male-Male","Helper-Helper","Adult-Adult",2,21,27,2,0,0
"313","58185974","NIS","Autumn",11,"Male-Female","Helper-Helper","Adult-Yearling",3,6,22,0,0,0
"314","58186010","NIS","Autumn",11,"Male-Male","Helper-Helper","Adult-Young",9,7,28,5,1,0
"315","58186009","NIS","Autumn",11,"Male-Male","Helper-Helper","Adult-Young",8,8,37,5,0,0
"316","58186082","NIS","Autumn",11,"Male-Male","Helper-Helper","Adult-Fledgling",3,4,27,8,0,0
"317","58186086","NIS","Autumn",11,"Male-Female","Helper-Helper","Adult-Fledgling",3,4,22,1,0,1
"318","58186083","NIS","Autumn",11,"Male-Female","Helper-Helper","Adult-Fledgling",3,2,24,3,0,0
"319","58315974","NIS","Autumn",11,"Male-Female","Helper-Helper","Adult-Yearling",6,13,29,0,2,2
"320","58316010","NIS","Autumn",11,"Male-Male","Helper-Helper","Adult-Young",7,16,39,4,1,0
"321","58316009","NIS","Autumn",11,"Male-Male","Helper-Helper","Adult-Young",7,11,37,2,0,0
"322","58316082","NIS","Autumn",11,"Male-Male","Helper-Helper","Adult-Fledgling",7,13,34,0,3,1
"323","58316086","NIS","Autumn",11,"Male-Female","Helper-Helper","Adult-Fledgling",7,7,26,3,0,0
"324","58316083","NIS","Autumn",11,"Male-Female","Helper-Helper","Adult-Fledgling",6,4,24,1,1,0
"325","59746010","NIS","Autumn",11,"Male-Female","Helper-Helper","Yearling-Young",11,15,30,4,1,0
"326","59746009","NIS","Autumn",11,"Male-Female","Helper-Helper","Yearling-Young",18,11,35,2,0,0
"327","59746082","NIS","Autumn",11,"Male-Female","Helper-Helper","Yearling-Fledgling",15,6,29,1,0,1
"328","59746086","NIS","Autumn",11,"Female-Female","Helper-Helper","Yearling-Fledgling",13,5,22,2,0,4
"329","59746083","NIS","Autumn",11,"Female-Female","Helper-Helper","Yearling-Fledgling",13,7,30,0,0,0
"330","60106009","NIS","Autumn",11,"Male-Male","Helper-Helper","Young-Young",25,14,54,6,3,0
"331","60106082","NIS","Autumn",11,"Male-Male","Helper-Helper","Young-Fledgling",12,7,39,2,1,1
"332","60106086","NIS","Autumn",11,"Male-Female","Helper-Helper","Young-Fledgling",17,6,33,4,5,0
"333","60106083","NIS","Autumn",11,"Male-Female","Helper-Helper","Young-Fledgling",10,5,31,0,2,0
"334","60096082","NIS","Autumn",11,"Male-Male","Helper-Helper","Young-Fledgling",19,8,39,3,3,1
"335","60096086","NIS","Autumn",11,"Male-Female","Helper-Helper","Young-Fledgling",22,9,30,2,1,0
"336","60096083","NIS","Autumn",11,"Male-Female","Helper-Helper","Young-Fledgling",19,2,43,1,1,0
"337","60826086","NIS","Autumn",11,"Male-Female","Helper-Helper","Fledgling-Fledgling",22,5,39,1,2,1
"338","60826083","NIS","Autumn",11,"Male-Female","Helper-Helper","Fledgling-Fledgling",21,2,44,1,1,0
"339","60866083","NIS","Autumn",11,"Female-Female","Helper-Helper","Fledgling-Fledgling",23,3,46,2,3,2
"340","54345278","NIS","Autumn",15,"Male-Female","Parent-Parent","Adult-Adult",0,3,19,0,2,0
"341","54345818","NIS","Autumn",15,"Male-Male","Parent-Helper","Adult-Adult",1,18,51,3,2,0
"342","54346009","NIS","Autumn",15,"Male-Male","Parent-Helper","Adult-Yearling",0,1,60,1,4,1
"343","54346010","NIS","Autumn",15,"Male-Male","Parent-Helper","Adult-Yearling",0,2,44,2,4,0
"344","54346086","NIS","Autumn",15,"Male-Female","Parent-Helper","Adult-Yearling",0,2,37,0,5,0
"345","54346136","NIS","Autumn",15,"Male-Male","Parent-Helper","Adult-Young",0,1,57,0,1,0
"346","54346138","NIS","Autumn",15,"Male-Female","Parent-Helper","Adult-Young",0,2,32,1,1,0
"347","54346135","NIS","Autumn",15,"Male-Female","Parent-Helper","Adult-Young",0,0,26,2,2,0
"348","54346161","NIS","Autumn",15,"Male-Male","Parent-Helper","Adult-Young",0,1,43,4,6,0
"349","54346163","NIS","Autumn",15,"Male-Male","Parent-Helper","Adult-Young",0,2,44,4,2,0
"350","54346164","NIS","Autumn",15,"Male-Male","Parent-Helper","Adult-Young",0,0,35,1,1,0
"351","54346222","NIS","Autumn",15,"Male-Female","Parent-Helper","Adult-Fledgling",0,3,51,11,16,0
"352","54346218","NIS","Autumn",15,"Male-Male","Parent-Helper","Adult-Fledgling",0,3,38,1,2,1
"353","54346221","NIS","Autumn",15,"Male-Female","Parent-Helper","Adult-Fledgling",1,1,24,1,2,0
"354","52785818","NIS","Autumn",15,"Male-Female","Parent-Helper","Adult-Adult",0,5,22,0,0,0
"355","52786009","NIS","Autumn",15,"Male-Female","Parent-Helper","Adult-Yearling",0,3,24,2,1,0
"356","52786010","NIS","Autumn",15,"Male-Female","Parent-Helper","Adult-Yearling",0,2,26,0,0,0
"357","52786086","NIS","Autumn",15,"Female-Female","Parent-Helper","Adult-Yearling",0,2,28,0,0,0
"358","52786136","NIS","Autumn",15,"Male-Female","Parent-Helper","Adult-Young",0,1,28,0,0,0
"359","52786138","NIS","Autumn",15,"Female-Female","Parent-Helper","Adult-Young",0,4,24,0,0,0
"360","52786135","NIS","Autumn",15,"Female-Female","Parent-Helper","Adult-Young",0,1,23,0,0,0
"361","52786161","NIS","Autumn",15,"Male-Female","Parent-Helper","Adult-Young",0,2,31,0,0,0
"362","52786163","NIS","Autumn",15,"Male-Female","Parent-Helper","Adult-Young",0,2,23,0,0,0
"363","52786164","NIS","Autumn",15,"Male-Female","Parent-Helper","Adult-Young",0,1,21,0,0,1
"364","52786222","NIS","Autumn",15,"Female-Female","Parent-Helper","Adult-Fledgling",0,2,27,2,0,0
"365","52786218","NIS","Autumn",15,"Male-Female","Parent-Helper","Adult-Fledgling",0,1,18,0,0,0
"366","52786221","NIS","Autumn",15,"Female-Female","Parent-Helper","Adult-Fledgling",0,2,24,0,0,0
"367","58186009","NIS","Autumn",15,"Male-Male","Helper-Helper","Adult-Yearling",1,10,48,2,1,0
"368","58186010","NIS","Autumn",15,"Male-Male","Helper-Helper","Adult-Yearling",0,11,43,1,2,0
"369","58186086","NIS","Autumn",15,"Male-Female","Helper-Helper","Adult-Yearling",0,6,27,3,2,0
"370","58186136","NIS","Autumn",15,"Male-Male","Helper-Helper","Adult-Young",0,10,47,3,0,0
"371","58186138","NIS","Autumn",15,"Male-Female","Helper-Helper","Adult-Young",0,9,29,0,1,0
"372","58186135","NIS","Autumn",15,"Male-Female","Helper-Helper","Adult-Young",0,6,30,0,1,0
"373","58186161","NIS","Autumn",15,"Male-Male","Helper-Helper","Adult-Young",0,8,44,0,5,0
"374","58186163","NIS","Autumn",15,"Male-Male","Helper-Helper","Adult-Young",1,3,42,1,3,0
"375","58186164","NIS","Autumn",15,"Male-Male","Helper-Helper","Adult-Young",0,3,41,0,0,0
"376","58186222","NIS","Autumn",15,"Male-Female","Helper-Helper","Adult-Fledgling",0,3,40,4,7,0
"377","58186218","NIS","Autumn",15,"Male-Male","Helper-Helper","Adult-Fledgling",1,5,25,1,3,0
"378","58186221","NIS","Autumn",15,"Male-Female","Helper-Helper","Adult-Fledgling",1,3,28,1,0,0
"379","60096010","NIS","Autumn",15,"Male-Male","Helper-Helper","Yearling-Yearling",7,6,69,5,2,0
"380","60096086","NIS","Autumn",15,"Male-Female","Helper-Helper","Yearling-Yearling",14,3,67,0,4,1
"381","60096136","NIS","Autumn",15,"Male-Male","Helper-Helper","Yearling-Young",9,4,71,1,0,0
"382","60096138","NIS","Autumn",15,"Male-Female","Helper-Helper","Yearling-Young",4,4,46,0,0,0
"383","60096135","NIS","Autumn",15,"Male-Female","Helper-Helper","Yearling-Young",10,5,47,3,1,1
"384","60096161","NIS","Autumn",15,"Male-Male","Helper-Helper","Yearling-Young",6,3,57,2,1,1
"385","60096163","NIS","Autumn",15,"Male-Male","Helper-Helper","Yearling-Young",5,2,43,0,0,0
"386","60096164","NIS","Autumn",15,"Male-Male","Helper-Helper","Yearling-Young",5,3,45,4,2,0
"387","60096222","NIS","Autumn",15,"Male-Female","Helper-Helper","Yearling-Fledgling",6,3,63,4,9,1
"388","60096218","NIS","Autumn",15,"Male-Male","Helper-Helper","Yearling-Fledgling",3,4,30,1,0,0
"389","60096221","NIS","Autumn",15,"Male-Female","Helper-Helper","Yearling-Fledgling",3,2,43,1,0,0
"390","60106086","NIS","Autumn",15,"Male-Female","Helper-Helper","Yearling-Yearling",8,2,58,1,1,0
"391","60106136","NIS","Autumn",15,"Male-Male","Helper-Helper","Yearling-Young",4,4,57,3,0,0
"392","60106138","NIS","Autumn",15,"Male-Female","Helper-Helper","Yearling-Young",9,5,46,0,0,0
"393","60106135","NIS","Autumn",15,"Male-Female","Helper-Helper","Yearling-Young",11,5,35,2,2,1
"394","60106161","NIS","Autumn",15,"Male-Male","Helper-Helper","Yearling-Young",5,4,58,0,2,1
"395","60106163","NIS","Autumn",15,"Male-Male","Helper-Helper","Yearling-Young",4,2,43,1,0,0
"396","60106164","NIS","Autumn",15,"Male-Male","Helper-Helper","Yearling-Young",5,1,45,1,0,0
"397","60106222","NIS","Autumn",15,"Male-Female","Helper-Helper","Yearling-Fledgling",1,1,39,1,1,0
"398","60106218","NIS","Autumn",15,"Male-Male","Helper-Helper","Yearling-Fledgling",5,2,32,0,1,0
"399","60106221","NIS","Autumn",15,"Male-Female","Helper-Helper","Yearling-Fledgling",3,2,26,0,1,0
"400","60866136","NIS","Autumn",15,"Male-Female","Helper-Helper","Yearling-Young",7,2,67,3,1,0
"401","60866138","NIS","Autumn",15,"Female-Female","Helper-Helper","Yearling-Young",7,1,51,0,0,1
"402","60866135","NIS","Autumn",15,"Female-Female","Helper-Helper","Yearling-Young",12,3,48,4,1,0
"403","60866161","NIS","Autumn",15,"Male-Female","Helper-Helper","Yearling-Young",8,1,52,0,0,1
"404","60866163","NIS","Autumn",15,"Male-Female","Helper-Helper","Yearling-Young",4,3,42,0,0,0
"405","60866164","NIS","Autumn",15,"Male-Female","Helper-Helper","Yearling-Young",6,2,45,0,1,0
"406","60866222","NIS","Autumn",15,"Female-Female","Helper-Helper","Yearling-Fledgling",6,3,60,8,7,2
"407","60866218","NIS","Autumn",15,"Male-Female","Helper-Helper","Yearling-Fledgling",8,3,33,0,2,4
"408","60866221","NIS","Autumn",15,"Female-Female","Helper-Helper","Yearling-Fledgling",4,3,30,2,0,0
"409","61366138","NIS","Autumn",15,"Male-Female","Helper-Helper","Young-Young",2,6,52,1,2,0
"410","61366135","NIS","Autumn",15,"Male-Female","Helper-Helper","Young-Young",2,4,39,0,2,0
"411","61366161","NIS","Autumn",15,"Male-Male","Helper-Helper","Young-Young",6,5,66,2,6,0
"412","61366163","NIS","Autumn",15,"Male-Male","Helper-Helper","Young-Young",5,1,52,0,1,0
"413","61366164","NIS","Autumn",15,"Male-Male","Helper-Helper","Young-Young",5,3,59,2,9,0
"414","61366222","NIS","Autumn",15,"Male-Female","Helper-Helper","Young-Fledgling",5,1,71,3,8,0
"415","61366218","NIS","Autumn",15,"Male-Male","Helper-Helper","Young-Fledgling",2,2,41,1,1,0
"416","61366221","NIS","Autumn",15,"Male-Female","Helper-Helper","Young-Fledgling",3,2,52,0,3,0
"417","61386135","NIS","Autumn",15,"Female-Female","Helper-Helper","Young-Young",14,8,45,0,0,1
"418","61386161","NIS","Autumn",15,"Male-Female","Helper-Helper","Young-Young",5,9,53,1,1,0
"419","61386163","NIS","Autumn",15,"Male-Female","Helper-Helper","Young-Young",5,4,48,0,1,0
"420","61386164","NIS","Autumn",15,"Male-Female","Helper-Helper","Young-Young",5,2,47,2,1,0
"421","61386222","NIS","Autumn",15,"Female-Female","Helper-Helper","Young-Fledgling",2,1,55,0,0,0
"422","61386218","NIS","Autumn",15,"Male-Female","Helper-Helper","Young-Fledgling",5,4,34,1,1,0
"423","61386221","NIS","Autumn",15,"Female-Female","Helper-Helper","Young-Fledgling",4,4,45,1,0,1
"424","61356161","NIS","Autumn",15,"Male-Female","Helper-Helper","Young-Young",8,7,47,4,1,0
"425","61356163","NIS","Autumn",15,"Male-Female","Helper-Helper","Young-Young",11,1,35,1,0,0
"426","61356164","NIS","Autumn",15,"Male-Female","Helper-Helper","Young-Young",6,2,34,0,0,0
"427","61356222","NIS","Autumn",15,"Female-Female","Helper-Helper","Young-Fledgling",6,1,35,2,0,1
"428","61356218","NIS","Autumn",15,"Male-Female","Helper-Helper","Young-Fledgling",10,4,26,2,0,0
"429","61356221","NIS","Autumn",15,"Female-Female","Helper-Helper","Young-Fledgling",5,2,22,1,0,0
"430","61616163","NIS","Autumn",15,"Male-Male","Helper-Helper","Young-Young",5,1,55,3,1,0
"431","61616164","NIS","Autumn",15,"Male-Male","Helper-Helper","Young-Young",5,2,52,1,1,0
"432","61616222","NIS","Autumn",15,"Male-Female","Helper-Helper","Young-Fledgling",3,1,61,5,6,0
"433","61616218","NIS","Autumn",15,"Male-Male","Helper-Helper","Young-Fledgling",1,4,34,1,0,0
"434","61616221","NIS","Autumn",15,"Male-Female","Helper-Helper","Young-Fledgling",3,2,45,0,0,0
"435","61636164","NIS","Autumn",15,"Male-Male","Helper-Helper","Young-Young",6,1,46,1,0,0
"436","61636222","NIS","Autumn",15,"Male-Female","Helper-Helper","Young-Fledgling",5,1,51,3,8,0
"437","61636218","NIS","Autumn",15,"Male-Male","Helper-Helper","Young-Fledgling",7,4,25,0,0,0
"438","61636221","NIS","Autumn",15,"Male-Female","Helper-Helper","Young-Fledgling",5,1,36,1,1,0
"439","61646222","NIS","Autumn",15,"Male-Female","Helper-Helper","Young-Fledgling",4,1,63,0,0,0
"440","61646218","NIS","Autumn",15,"Male-Male","Helper-Helper","Young-Fledgling",5,1,54,1,0,0
"441","61646221","NIS","Autumn",15,"Male-Female","Helper-Helper","Young-Fledgling",3,1,49,0,4,0
"442","62226218","NIS","Autumn",15,"Male-Female","Helper-Helper","Fledgling-Fledgling",8,5,38,0,3,1
"443","62226221","NIS","Autumn",15,"Female-Female","Helper-Helper","Fledgling-Fledgling",3,6,46,1,7,0
"444","62186221","NIS","Autumn",15,"Male-Female","Helper-Helper","Fledgling-Fledgling",6,8,34,1,2,0
"445","54345278","NIS","Winter",14,"Male-Female","Parent-Parent","Adult-Adult",0,4,38,0,1,0
"446","54345818","NIS","Winter",14,"Male-Male","Parent-Helper","Adult-Adult",0,2,46,1,0,0
"447","54346009","NIS","Winter",14,"Male-Male","Parent-Helper","Adult-Yearling",0,3,48,0,0,0
"448","54346010","NIS","Winter",14,"Male-Male","Parent-Helper","Adult-Yearling",0,1,48,0,0,0
"449","54346136","NIS","Winter",14,"Male-Male","Parent-Helper","Adult-Young",0,3,36,1,2,0
"450","54346138","NIS","Winter",14,"Male-Female","Parent-Helper","Adult-Young",0,2,42,1,3,0
"451","54346135","NIS","Winter",14,"Male-Female","Parent-Helper","Adult-Young",0,3,36,0,1,0
"452","54346161","NIS","Winter",14,"Male-Male","Parent-Helper","Adult-Young",0,3,38,1,1,0
"453","54346163","NIS","Winter",14,"Male-Male","Parent-Helper","Adult-Young",0,3,30,0,0,1
"454","54346164","NIS","Winter",14,"Male-Male","Parent-Helper","Adult-Young",0,4,38,2,0,0
"455","54346222","NIS","Winter",14,"Male-Female","Parent-Helper","Adult-Young",0,3,34,0,0,1
"456","54346218","NIS","Winter",14,"Male-Male","Parent-Helper","Adult-Young",0,4,27,0,0,1
"457","54346221","NIS","Winter",14,"Male-Female","Parent-Helper","Adult-Young",0,1,37,0,0,0
"458","52785818","NIS","Winter",14,"Male-Female","Parent-Helper","Adult-Adult",0,1,38,0,0,0
"459","52786009","NIS","Winter",14,"Male-Female","Parent-Helper","Adult-Yearling",0,2,50,1,0,0
"460","52786010","NIS","Winter",14,"Male-Female","Parent-Helper","Adult-Yearling",0,1,44,0,0,0
"461","52786136","NIS","Winter",14,"Male-Female","Parent-Helper","Adult-Young",0,2,33,3,0,0
"462","52786138","NIS","Winter",14,"Female-Female","Parent-Helper","Adult-Young",0,1,38,2,0,0
"463","52786135","NIS","Winter",14,"Female-Female","Parent-Helper","Adult-Young",0,4,38,0,0,0
"464","52786161","NIS","Winter",14,"Male-Female","Parent-Helper","Adult-Young",0,1,39,2,2,1
"465","52786163","NIS","Winter",14,"Male-Female","Parent-Helper","Adult-Young",0,2,30,0,0,0
"466","52786164","NIS","Winter",14,"Male-Female","Parent-Helper","Adult-Young",0,3,38,0,0,0
"467","52786222","NIS","Winter",14,"Female-Female","Parent-Helper","Adult-Young",0,3,36,1,0,0
"468","52786218","NIS","Winter",14,"Male-Female","Parent-Helper","Adult-Young",0,0,29,0,0,0
"469","52786221","NIS","Winter",14,"Female-Female","Parent-Helper","Adult-Young",0,1,45,3,0,0
"470","58186009","NIS","Winter",14,"Male-Male","Helper-Helper","Adult-Yearling",0,2,42,3,1,0
"471","58186010","NIS","Winter",14,"Male-Male","Helper-Helper","Adult-Yearling",0,2,58,0,0,0
"472","58186136","NIS","Winter",14,"Male-Male","Helper-Helper","Adult-Young",0,1,38,0,1,0
"473","58186138","NIS","Winter",14,"Male-Female","Helper-Helper","Adult-Young",0,0,44,0,0,0
"474","58186135","NIS","Winter",14,"Male-Female","Helper-Helper","Adult-Young",0,3,36,1,1,0
"475","58186161","NIS","Winter",14,"Male-Male","Helper-Helper","Adult-Young",0,1,35,0,0,0
"476","58186163","NIS","Winter",14,"Male-Male","Helper-Helper","Adult-Young",0,3,28,0,0,0
"477","58186164","NIS","Winter",14,"Male-Male","Helper-Helper","Adult-Young",0,1,42,2,2,0
"478","58186222","NIS","Winter",14,"Male-Female","Helper-Helper","Adult-Young",0,2,32,0,0,0
"479","58186218","NIS","Winter",14,"Male-Male","Helper-Helper","Adult-Young",0,3,20,0,0,0
"480","58186221","NIS","Winter",14,"Male-Female","Helper-Helper","Adult-Young",0,1,32,0,0,0
"481","60096010","NIS","Winter",14,"Male-Male","Helper-Helper","Yearling-Yearling",0,4,59,1,0,0
"482","60096136","NIS","Winter",14,"Male-Male","Helper-Helper","Yearling-Young",0,2,56,1,0,0
"483","60096138","NIS","Winter",14,"Male-Female","Helper-Helper","Yearling-Young",0,1,57,0,0,0
"484","60096135","NIS","Winter",14,"Male-Female","Helper-Helper","Yearling-Young",0,3,44,0,2,0
"485","60096161","NIS","Winter",14,"Male-Male","Helper-Helper","Yearling-Young",0,2,53,2,0,0
"486","60096163","NIS","Winter",14,"Male-Male","Helper-Helper","Yearling-Young",0,2,38,1,0,0
"487","60096164","NIS","Winter",14,"Male-Male","Helper-Helper","Yearling-Young",0,2,49,1,0,0
"488","60096222","NIS","Winter",14,"Male-Female","Helper-Helper","Yearling-Young",0,3,39,1,0,0
"489","60096218","NIS","Winter",14,"Male-Male","Helper-Helper","Yearling-Young",0,0,37,0,0,0
"490","60096221","NIS","Winter",14,"Male-Female","Helper-Helper","Yearling-Young",0,2,58,0,3,0
"491","60106136","NIS","Winter",14,"Male-Male","Helper-Helper","Yearling-Young",0,1,59,1,1,0
"492","60106138","NIS","Winter",14,"Male-Female","Helper-Helper","Yearling-Young",0,2,76,0,1,0
"493","60106135","NIS","Winter",14,"Male-Female","Helper-Helper","Yearling-Young",0,3,51,1,2,0
"494","60106161","NIS","Winter",14,"Male-Male","Helper-Helper","Yearling-Young",0,2,59,5,4,0
"495","60106163","NIS","Winter",14,"Male-Male","Helper-Helper","Yearling-Young",0,0,50,0,0,0
"496","60106164","NIS","Winter",14,"Male-Male","Helper-Helper","Yearling-Young",0,0,51,1,1,0
"497","60106222","NIS","Winter",14,"Male-Female","Helper-Helper","Yearling-Young",1,1,39,0,0,0
"498","60106218","NIS","Winter",14,"Male-Male","Helper-Helper","Yearling-Young",0,1,32,0,0,0
"499","60106221","NIS","Winter",14,"Male-Female","Helper-Helper","Yearling-Young",0,0,52,0,0,0
"500","61366138","NIS","Winter",14,"Male-Female","Helper-Helper","Young-Young",0,6,53,0,0,0
"501","61366135","NIS","Winter",14,"Male-Female","Helper-Helper","Young-Young",2,7,42,0,1,0
"502","61366161","NIS","Winter",14,"Male-Male","Helper-Helper","Young-Young",0,2,53,3,3,0
"503","61366163","NIS","Winter",14,"Male-Male","Helper-Helper","Young-Young",0,3,36,1,0,0
"504","61366164","NIS","Winter",14,"Male-Male","Helper-Helper","Young-Young",0,5,49,1,1,0
"505","61366222","NIS","Winter",14,"Male-Female","Helper-Helper","Young-Young",0,4,41,0,2,0
"506","61366218","NIS","Winter",14,"Male-Male","Helper-Helper","Young-Young",1,1,37,0,3,0
"507","61366221","NIS","Winter",14,"Male-Female","Helper-Helper","Young-Young",0,1,46,1,6,0
"508","61386135","NIS","Winter",14,"Female-Female","Helper-Helper","Young-Young",0,4,63,0,0,0
"509","61386161","NIS","Winter",14,"Male-Female","Helper-Helper","Young-Young",0,2,58,3,3,0
"510","61386163","NIS","Winter",14,"Male-Female","Helper-Helper","Young-Young",0,2,48,1,1,0
"511","61386164","NIS","Winter",14,"Male-Female","Helper-Helper","Young-Young",0,6,69,0,0,0
"512","61386222","NIS","Winter",14,"Female-Female","Helper-Helper","Young-Young",0,4,43,0,1,0
"513","61386218","NIS","Winter",14,"Male-Female","Helper-Helper","Young-Young",0,2,39,0,0,0
"514","61386221","NIS","Winter",14,"Female-Female","Helper-Helper","Young-Young",0,2,61,1,1,0
"515","61356161","NIS","Winter",14,"Male-Female","Helper-Helper","Young-Young",0,2,43,0,0,0
"516","61356163","NIS","Winter",14,"Male-Female","Helper-Helper","Young-Young",1,3,47,0,0,0
"517","61356164","NIS","Winter",14,"Male-Female","Helper-Helper","Young-Young",0,3,59,1,1,0
"518","61356222","NIS","Winter",14,"Female-Female","Helper-Helper","Young-Young",0,4,43,1,0,0
"519","61356218","NIS","Winter",14,"Male-Female","Helper-Helper","Young-Young",1,2,31,0,0,0
"520","61356221","NIS","Winter",14,"Female-Female","Helper-Helper","Young-Young",0,1,50,3,4,0
"521","61616163","NIS","Winter",14,"Male-Male","Helper-Helper","Young-Young",0,1,42,0,1,0
"522","61616164","NIS","Winter",14,"Male-Male","Helper-Helper","Young-Young",0,3,56,0,1,0
"523","61616222","NIS","Winter",14,"Male-Female","Helper-Helper","Young-Young",0,2,54,1,0,0
"524","61616218","NIS","Winter",14,"Male-Male","Helper-Helper","Young-Young",0,0,43,0,0,0
"525","61616221","NIS","Winter",14,"Male-Female","Helper-Helper","Young-Young",0,1,63,0,0,0
"526","61636164","NIS","Winter",14,"Male-Male","Helper-Helper","Young-Young",0,3,57,2,4,0
"527","61636222","NIS","Winter",14,"Male-Female","Helper-Helper","Young-Young",0,2,38,0,0,0
"528","61636218","NIS","Winter",14,"Male-Male","Helper-Helper","Young-Young",0,1,30,1,1,0
"529","61636221","NIS","Winter",14,"Male-Female","Helper-Helper","Young-Young",0,1,46,1,1,0
"530","61646222","NIS","Winter",14,"Male-Female","Helper-Helper","Young-Young",0,4,66,0,0,0
"531","61646218","NIS","Winter",14,"Male-Male","Helper-Helper","Young-Young",0,3,47,0,2,0
"532","61646221","NIS","Winter",14,"Male-Female","Helper-Helper","Young-Young",0,1,63,2,3,0
"533","62226218","NIS","Winter",14,"Male-Female","Helper-Helper","Young-Young",0,0,39,0,3,0
"534","62226221","NIS","Winter",14,"Female-Female","Helper-Helper","Young-Young",0,1,50,2,4,0
"535","62186221","NIS","Winter",14,"Male-Female","Helper-Helper","Young-Young",0,0,45,0,2,2
"536","55805474","THG","Autumn",6,"Male-Female","Parent-Parent","Adult-Adult",1,5,15,4,12,5
"537","55806079","THG","Autumn",6,"Male-Female","Parent-Helper","Adult-Fledgling",2,4,23,2,0,0
"538","55806078","THG","Autumn",6,"Male-Male","Parent-Helper","Adult-Fledgling",2,4,18,1,1,0
"539","55806081","THG","Autumn",6,"Male-Male","Parent-Helper","Adult-Fledgling",1,5,26,0,0,0
"540","55806080","THG","Autumn",6,"Male-Female","Parent-Helper","Adult-Fledgling",1,2,22,3,0,0
"541","54746079","THG","Autumn",6,"Female-Female","Parent-Helper","Adult-Fledgling",6,10,42,20,0,0
"542","54746078","THG","Autumn",6,"Male-Female","Parent-Helper","Adult-Fledgling",5,5,38,7,0,0
"543","54746081","THG","Autumn",6,"Male-Female","Parent-Helper","Adult-Fledgling",4,10,38,4,0,1
"544","54746080","THG","Autumn",6,"Female-Female","Parent-Helper","Adult-Fledgling",7,9,45,12,0,0
"545","60796078","THG","Autumn",6,"Male-Female","Helper-Helper","Fledgling-Fledgling",42,12,60,7,5,5
"546","60796081","THG","Autumn",6,"Male-Female","Helper-Helper","Fledgling-Fledgling",33,14,63,7,2,0
"547","60796080","THG","Autumn",6,"Female-Female","Helper-Helper","Fledgling-Fledgling",44,7,63,6,2,4
"548","60786081","THG","Autumn",6,"Male-Male","Helper-Helper","Fledgling-Fledgling",31,10,66,10,2,0
"549","60786080","THG","Autumn",6,"Male-Female","Helper-Helper","Fledgling-Fledgling",41,8,74,7,4,0
"550","60816080","THG","Autumn",6,"Male-Female","Helper-Helper","Fledgling-Fledgling",24,4,61,7,1,0
"551","55805474","THG","Winter",6,"Male-Female","Parent-Parent","Adult-Adult",0,0,6,0,1,0
"552","55806079","THG","Winter",6,"Male-Female","Parent-Helper","Adult-Young",0,1,15,1,0,0
"553","55806078","THG","Winter",6,"Male-Male","Parent-Helper","Adult-Young",0,0,11,2,1,0
"554","55806081","THG","Winter",6,"Male-Male","Parent-Helper","Adult-Young",0,1,15,2,0,0
"555","55806080","THG","Winter",6,"Male-Female","Parent-Helper","Adult-Young",0,1,17,3,0,0
"556","54746079","THG","Winter",6,"Female-Female","Parent-Helper","Adult-Young",0,1,12,1,0,0
"557","54746078","THG","Winter",6,"Male-Female","Parent-Helper","Adult-Young",0,1,10,1,0,0
"558","54746081","THG","Winter",6,"Male-Female","Parent-Helper","Adult-Young",0,0,13,2,0,0
"559","54746080","THG","Winter",6,"Female-Female","Parent-Helper","Adult-Young",0,0,15,0,0,0
"560","60796078","THG","Winter",6,"Male-Female","Helper-Helper","Young-Young",2,0,21,7,6,0
"561","60796081","THG","Winter",6,"Male-Female","Helper-Helper","Young-Young",4,0,32,4,2,0
"562","60796080","THG","Winter",6,"Female-Female","Helper-Helper","Young-Young",6,0,20,4,1,0
"563","60786081","THG","Winter",6,"Male-Male","Helper-Helper","Young-Young",3,0,20,2,4,0
"564","60786080","THG","Winter",6,"Male-Female","Helper-Helper","Young-Young",2,0,20,2,1,0
"565","60816080","THG","Winter",6,"Male-Female","Helper-Helper","Young-Young",6,1,22,1,2,0
"566","55805474","THG","Autumn",10,"Male-Female","Parent-Parent","Adult-Adult",0,0,29,0,16,2
"567","55806081","THG","Autumn",10,"Male-Male","Parent-Helper","Adult-Yearling",5,5,33,1,0,0
"568","55806079","THG","Autumn",10,"Male-Female","Parent-Helper","Adult-Yearling",1,4,21,1,0,0
"569","55806078","THG","Autumn",10,"Male-Male","Parent-Helper","Adult-Yearling",1,6,32,0,3,0
"570","55806080","THG","Autumn",10,"Male-Female","Parent-Helper","Adult-Yearling",0,5,24,2,1,0
"571","55806169","THG","Autumn",10,"Male-Female","Parent-Helper","Adult-Young",1,1,23,0,0,0
"572","55806171","THG","Autumn",10,"Male-Female","Parent-Helper","Adult-Young",1,3,25,5,4,0
"573","55806170","THG","Autumn",10,"Male-Female","Parent-Helper","Adult-Young",3,2,17,3,0,0
"574","55806234","THG","Autumn",10,"Male-Female","Parent-Helper","Adult-Fledgling",1,1,24,1,1,2
"575","54746081","THG","Autumn",10,"Male-Female","Parent-Helper","Adult-Yearling",1,0,38,1,0,1
"576","54746079","THG","Autumn",10,"Female-Female","Parent-Helper","Adult-Yearling",0,2,37,4,0,0
"577","54746078","THG","Autumn",10,"Male-Female","Parent-Helper","Adult-Yearling",0,4,42,3,0,0
"578","54746080","THG","Autumn",10,"Female-Female","Parent-Helper","Adult-Yearling",0,0,32,3,0,0
"579","54746169","THG","Autumn",10,"Female-Female","Parent-Helper","Adult-Young",1,1,46,6,0,0
"580","54746171","THG","Autumn",10,"Female-Female","Parent-Helper","Adult-Young",0,0,45,1,0,0
"581","54746170","THG","Autumn",10,"Female-Female","Parent-Helper","Adult-Young",0,2,33,1,0,0
"582","54746234","THG","Autumn",10,"Female-Female","Parent-Helper","Adult-Fledgling",0,2,35,3,0,0
"583","60816079","THG","Autumn",10,"Male-Female","Helper-Helper","Yearling-Yearling",9,5,62,3,1,0
"584","60816078","THG","Autumn",10,"Male-Male","Helper-Helper","Yearling-Yearling",11,3,54,3,0,0
"585","60816080","THG","Autumn",10,"Male-Female","Helper-Helper","Yearling-Yearling",3,4,63,0,0,0
"586","60816169","THG","Autumn",10,"Male-Female","Helper-Helper","Yearling-Young",16,7,74,1,0,0
"587","60816171","THG","Autumn",10,"Male-Female","Helper-Helper","Yearling-Young",10,1,55,1,0,1
"588","60816170","THG","Autumn",10,"Male-Female","Helper-Helper","Yearling-Young",10,3,49,4,1,1
"589","60816234","THG","Autumn",10,"Male-Female","Helper-Helper","Yearling-Fledgling",13,1,67,3,1,4
"590","60796078","THG","Autumn",10,"Male-Female","Helper-Helper","Yearling-Yearling",10,7,66,5,2,0
"591","60796080","THG","Autumn",10,"Female-Female","Helper-Helper","Yearling-Yearling",3,4,52,0,0,0
"592","60796169","THG","Autumn",10,"Female-Female","Helper-Helper","Yearling-Young",19,6,59,8,2,2
"593","60796171","THG","Autumn",10,"Female-Female","Helper-Helper","Yearling-Young",12,3,55,3,0,1
"594","60796170","THG","Autumn",10,"Female-Female","Helper-Helper","Yearling-Young",15,4,52,11,3,2
"595","60796234","THG","Autumn",10,"Female-Female","Helper-Helper","Yearling-Fledgling",14,3,44,7,8,1
"596","60786080","THG","Autumn",10,"Male-Female","Helper-Helper","Yearling-Yearling",3,4,53,7,1,0
"597","60786169","THG","Autumn",10,"Male-Female","Helper-Helper","Yearling-Young",15,3,67,10,3,0
"598","60786171","THG","Autumn",10,"Male-Female","Helper-Helper","Yearling-Young",8,4,56,1,0,0
"599","60786170","THG","Autumn",10,"Male-Female","Helper-Helper","Yearling-Young",16,6,64,6,1,0
"600","60786234","THG","Autumn",10,"Male-Female","Helper-Helper","Yearling-Fledgling",15,2,53,3,1,0
"601","60806169","THG","Autumn",10,"Female-Female","Helper-Helper","Yearling-Young",4,4,57,2,0,1
"602","60806171","THG","Autumn",10,"Female-Female","Helper-Helper","Yearling-Young",3,5,61,5,0,0
"603","60806170","THG","Autumn",10,"Female-Female","Helper-Helper","Yearling-Young",7,4,53,4,1,0
"604","60806234","THG","Autumn",10,"Female-Female","Helper-Helper","Yearling-Fledgling",4,0,56,6,0,0
"605","61696171","THG","Autumn",10,"Female-Female","Helper-Helper","Young-Young",13,2,51,6,1,2
"606","61696170","THG","Autumn",10,"Female-Female","Helper-Helper","Young-Young",19,2,57,6,0,0
"607","61696234","THG","Autumn",10,"Female-Female","Helper-Helper","Young-Fledgling",22,2,67,5,0,3
"608","61716170","THG","Autumn",10,"Female-Female","Helper-Helper","Young-Young",8,4,55,4,1,0
"609","61716234","THG","Autumn",10,"Female-Female","Helper-Helper","Young-Fledgling",14,0,62,8,0,1
"610","61706234","THG","Autumn",10,"Female-Female","Helper-Helper","Young-Fledgling",22,1,63,6,0,0
"611","55805474","THG","Winter",10,"Male-Female","Parent-Parent","Adult-Adult",0,1,24,0,7,0
"612","55806081","THG","Winter",10,"Male-Male","Parent-Helper","Adult-Yearling",0,9,32,2,1,0
"613","55806079","THG","Winter",10,"Male-Female","Parent-Helper","Adult-Yearling",0,3,24,1,3,0
"614","55806078","THG","Winter",10,"Male-Male","Parent-Helper","Adult-Yearling",0,15,34,1,2,0
"615","55806080","THG","Winter",10,"Male-Female","Parent-Helper","Adult-Yearling",0,0,26,0,0,1
"616","55806169","THG","Winter",10,"Male-Female","Parent-Helper","Adult-Young",0,0,36,3,1,0
"617","55806171","THG","Winter",10,"Male-Female","Parent-Helper","Adult-Young",0,1,26,0,0,0
"618","55806170","THG","Winter",10,"Male-Female","Parent-Helper","Adult-Young",0,3,31,3,2,2
"619","55806234","THG","Winter",10,"Male-Female","Parent-Helper","Adult-Young",0,13,29,4,1,0
"620","54746081","THG","Winter",10,"Male-Female","Parent-Helper","Adult-Yearling",0,0,42,0,0,0
"621","54746079","THG","Winter",10,"Female-Female","Parent-Helper","Adult-Yearling",0,1,40,0,0,0
"622","54746078","THG","Winter",10,"Male-Female","Parent-Helper","Adult-Yearling",0,3,31,1,0,0
"623","54746080","THG","Winter",10,"Female-Female","Parent-Helper","Adult-Yearling",0,1,41,0,0,0
"624","54746169","THG","Winter",10,"Female-Female","Parent-Helper","Adult-Young",0,0,37,0,0,0
"625","54746171","THG","Winter",10,"Female-Female","Parent-Helper","Adult-Young",0,0,40,0,0,0
"626","54746170","THG","Winter",10,"Female-Female","Parent-Helper","Adult-Young",0,0,32,0,0,0
"627","54746234","THG","Winter",10,"Female-Female","Parent-Helper","Adult-Young",0,3,31,1,0,0
"628","60816079","THG","Winter",10,"Male-Female","Helper-Helper","Yearling-Yearling",0,1,57,0,2,0
"629","60816078","THG","Winter",10,"Male-Male","Helper-Helper","Yearling-Yearling",0,9,51,1,1,0
"630","60816080","THG","Winter",10,"Male-Female","Helper-Helper","Yearling-Yearling",0,0,53,1,2,0
"631","60816169","THG","Winter",10,"Male-Female","Helper-Helper","Yearling-Young",0,0,60,1,0,0
"632","60816171","THG","Winter",10,"Male-Female","Helper-Helper","Yearling-Young",0,0,57,0,0,0
"633","60816170","THG","Winter",10,"Male-Female","Helper-Helper","Yearling-Young",0,1,54,4,1,0
"634","60816234","THG","Winter",10,"Male-Female","Helper-Helper","Yearling-Young",0,9,47,0,0,0
"635","60796078","THG","Winter",10,"Male-Female","Helper-Helper","Yearling-Yearling",0,4,42,1,0,0
"636","60796080","THG","Winter",10,"Female-Female","Helper-Helper","Yearling-Yearling",0,0,42,0,0,0
"637","60796169","THG","Winter",10,"Female-Female","Helper-Helper","Yearling-Young",0,0,51,0,0,0
"638","60796171","THG","Winter",10,"Female-Female","Helper-Helper","Yearling-Young",0,1,44,0,0,0
"639","60796170","THG","Winter",10,"Female-Female","Helper-Helper","Yearling-Young",0,0,41,1,0,0
"640","60796234","THG","Winter",10,"Female-Female","Helper-Helper","Yearling-Young",0,2,39,0,0,0
"641","60786080","THG","Winter",10,"Male-Female","Helper-Helper","Yearling-Yearling",0,0,39,1,2,0
"642","60786169","THG","Winter",10,"Male-Female","Helper-Helper","Yearling-Young",0,1,40,1,0,0
"643","60786171","THG","Winter",10,"Male-Female","Helper-Helper","Yearling-Young",0,2,37,3,3,0
"644","60786170","THG","Winter",10,"Male-Female","Helper-Helper","Yearling-Young",0,1,45,3,0,0
"645","60786234","THG","Winter",10,"Male-Female","Helper-Helper","Yearling-Young",0,7,33,2,0,0
"646","60806169","THG","Winter",10,"Female-Female","Helper-Helper","Yearling-Young",0,0,48,3,0,0
"647","60806171","THG","Winter",10,"Female-Female","Helper-Helper","Yearling-Young",0,0,53,1,0,0
"648","60806170","THG","Winter",10,"Female-Female","Helper-Helper","Yearling-Young",0,1,40,0,0,0
"649","60806234","THG","Winter",10,"Female-Female","Helper-Helper","Yearling-Young",0,0,36,0,0,0
"650","61696171","THG","Winter",10,"Female-Female","Helper-Helper","Young-Young",1,0,68,0,0,0
"651","61696170","THG","Winter",10,"Female-Female","Helper-Helper","Young-Young",0,1,70,5,2,0
"652","61696234","THG","Winter",10,"Female-Female","Helper-Helper","Young-Young",0,1,69,2,1,1
"653","61716170","THG","Winter",10,"Female-Female","Helper-Helper","Young-Young",0,0,59,1,2,0
"654","61716234","THG","Winter",10,"Female-Female","Helper-Helper","Young-Young",0,1,51,1,0,0
"655","61706234","THG","Winter",10,"Female-Female","Helper-Helper","Young-Young",2,1,48,2,0,0
"656","54255804","ZEV","Winter",8,"Male-Female","Parent-Parent","Adult-Adult",0,3,15,5,5,1
"657","54255893","ZEV","Winter",8,"Male-Male","Parent-Helper","Adult-Yearling",0,4,27,0,0,0
"658","54255894","ZEV","Winter",8,"Male-Female","Parent-Helper","Adult-Yearling",0,6,13,0,0,0
"659","54255896","ZEV","Winter",8,"Male-Female","Parent-Helper","Adult-Yearling",0,5,16,1,1,0
"660","54255931","ZEV","Winter",8,"Male-Male","Parent-Helper","Adult-Young",0,2,30,0,1,1
"661","54255932","ZEV","Winter",8,"Male-Female","Parent-Helper","Adult-Young",0,2,24,2,0,0
"662","54255930","ZEV","Winter",8,"Male-Female","Parent-Helper","Adult-Young",0,3,17,1,0,0
"663","58045893","ZEV","Winter",8,"Male-Female","Parent-Helper","Adult-Yearling",0,1,22,1,1,1
"664","58045894","ZEV","Winter",8,"Female-Female","Parent-Helper","Adult-Yearling",0,4,14,1,0,0
"665","58045896","ZEV","Winter",8,"Female-Female","Parent-Helper","Adult-Yearling",0,1,15,1,3,3
"666","58045931","ZEV","Winter",8,"Male-Female","Parent-Helper","Adult-Young",0,3,19,2,3,1
"667","58045932","ZEV","Winter",8,"Female-Female","Parent-Helper","Adult-Young",0,4,17,1,0,0
"668","58045930","ZEV","Winter",8,"Female-Female","Parent-Helper","Adult-Young",0,4,12,2,1,3
"669","58935894","ZEV","Winter",8,"Male-Female","Helper-Helper","Yearling-Yearling",4,2,25,4,4,4
"670","58935896","ZEV","Winter",8,"Male-Female","Helper-Helper","Yearling-Yearling",2,2,29,5,5,1
"671","58935931","ZEV","Winter",8,"Male-Male","Helper-Helper","Yearling-Young",9,4,36,2,0,1
"672","58935932","ZEV","Winter",8,"Male-Female","Helper-Helper","Yearling-Young",4,3,23,0,0,0
"673","58935930","ZEV","Winter",8,"Male-Female","Helper-Helper","Yearling-Young",3,2,15,2,0,0
"674","58945896","ZEV","Winter",8,"Female-Female","Helper-Helper","Yearling-Yearling",3,7,22,0,2,1
"675","58945931","ZEV","Winter",8,"Male-Female","Helper-Helper","Yearling-Young",5,8,23,4,0,0
"676","58945932","ZEV","Winter",8,"Female-Female","Helper-Helper","Yearling-Young",0,3,22,1,0,1
"677","58945930","ZEV","Winter",8,"Female-Female","Helper-Helper","Yearling-Young",1,5,18,0,0,0
"678","58965931","ZEV","Winter",8,"Male-Female","Helper-Helper","Yearling-Young",6,8,30,4,0,2
"679","58965932","ZEV","Winter",8,"Female-Female","Helper-Helper","Yearling-Young",1,2,22,2,0,3
"680","58965930","ZEV","Winter",8,"Female-Female","Helper-Helper","Yearling-Young",0,5,21,6,2,3
"681","59315932","ZEV","Winter",8,"Male-Female","Helper-Helper","Young-Young",2,6,29,1,3,1
"682","59315930","ZEV","Winter",8,"Male-Female","Helper-Helper","Young-Young",3,5,25,2,5,0
"683","59325930","ZEV","Winter",8,"Female-Female","Helper-Helper","Young-Young",3,3,26,0,5,0
